Aabha - light, 10 
Aabharan - Jewel, 10 
Aabheer - a cow herd, 10 
Aabher - a cow herd, 10 
Aadarsh - One who has principles, 10 
Aadesh - command; message, 10 
Aadhishankar - Sri Shankaracharya; founder of Adwaitha Philosophy, 10 
Aadhunik - modern; new, 10 
Aadi - first; most important, 10 
Aadinath - God; Supreme Ruler of the Universe; the first God, 10 
Aaditey - Son of Aditi, 10 
Aafreen - encouragement, 10 
Aagney - son of the Fire God, 10 
Aahlaad - delight, 10 
Aahlaadith - Joyous person, 10 
Aahwaanith - one who has been invited;wanted, 10 
Aakanksh - Desire, 10 
Aakar - form; shape, 10 
Aakash - the sky; vast like the sky, 10 
Aalam - ruler; king; the whole world, 10 
Aalap - musical prelude, 10 
Aalok - Cry of victory, 10 
Aandaleeb - The Bulbul bird, 10 
Aashish - blessings; Aashirwad, 10 
Aatish - Explosive; a Dynamic person, 10 
Abhay - fearless, 10 
Abhayananda - one who is delights in remaining fearless, 10 
Abhayaprada - bestower of safety, 10
Abheek - fearless, 10 
Abhibhava - powerful, 10
Abhichandra - moon like fac, 10
Abhidi - radiant, 10 
Abhihita - expression; word; name, 10 
Abhijat - Noble; wise, 10 
Abhijaya - conquest; complete victory, 10 
Abhijit - victorious, 10 
Abhijvala - blazing forth, 10 
Abhilash - desire, 10 
Abhimand - gladdening, 10 
Abhimani - full of pride; another name for Agni as the eldest son of Brahma, 10 
Abhimanyu - Arjuna's son, 10 
Abhimanyusuta - son or Abhimanyu, 10 
Abhimoda - joy; delight, 10 
Abhinabhas - renowned; famous, 10 
Abhinanda - to rejoice; to celebrate; to praise; to bless; delight, 10 
Abhinandana - felicitous; welcoming, 10 
Abhinatha - lord of desires; another name for kama, 10 
Abhinav - novel, 10 
Abhinava - new; young; fresh; modern; a sakta notable for his spiritual attainment, 10 
Abhirup - pleasing, 10 
Abhishek - an auspicious bath for a deity; anointing, 10 
Abhisoka - passionate; loving, 10 
Abhisumat - radiant; another name for sun, 10 
Abhisyanta - splendid; a son of Kuru and Vahini, 10 
Abhivira - surrounded by heroes; a commander, 10 
Abhra - cloud, 10 
Abhrakasin - with clouds for shelter; an ascetic, 10 
Abhyagni - towards the fire, 10
Abhyudaya - sunrise, 10
Abhyudita - prosperous, 10 
Abjayoni - born of the lotus, 10
Abjit - conquering water, 10 
Acaryatanaya - son of the teacher; another name for Aswatthama, 10 
Achal - constant, 10 
Achalapati - lord of the mountain, 10 
Achalendra - lord of the immovable; the Himalayas, 10 
Achalesvara - god of the immovable, 10
Achanda - gentle, 10 
Acharya - teacher, 10
Acharyanandana - son of the teacher; another name for Aswatthama, 10 
Acharyasuta - son of the teacher, 10
Achindra - flawless, 10
Achintya - inconceivable; a name of Lord Shiva; beyond comprehension, 10 
Achyut - imperishable; indestructible; a name of Vishnu, 10 
Achyuta - indestructible, 10 
Achyutaraya - worshipper of the infallible; a devotee of Vishnu, 10 
Adalarasu - king of dance, 10 
Adarsh - ideal, 10 
Adesh - command, 10 
Adhik - greater, 10 
Adhikara - principal; controller; right, 10 
Adhipa - king; ruler, 10 
Adhita - a scholar, 10 
Adikavi - first poet, 10 
Adil - sincere; just, 10 
Adinath - the first lord; Lord Vishnu, 10 
Adit - from the beginning, 10 
Aditeya - another name for the sun, 10 
Aditya - the sun, 10 
Adityanandana - son of the sun, 10 
Adityavardhana - augmented by glory, 10 
Adripathi - master of the mountains, 10 
Adwaita - non-duality, 10 
Adway - one; united, 10 
Aftab - the sun, 10 
Agasti - name of a sage, 10 
Agha - pre-eminent, 10 
Agharna - the moon, 10 
Aghat - destroyer of sin, 10 
Agneya - son of agni, 10 
Agnikumara - son of agni, 10 
Agniprava - bright as the fire, 10 
Agrim - leader; first, 10 
Agriya - first best, 10 
Ahsan - mercy, 10 
Aijaz - favour, 10 
Aiman - fearless, 10 
Ainesh - the sun's glory, 10 
Ajamil - a mythological king, 10 
Ajatashatru - without enemies, 10 
Ajay - invincible; unconquerable, 10 
Ajeet - unconquerable, 10
Ajendra - king of mountains, 10 
Ajinkya - invincible, 10 
Ajit - invincible, 10 
Ajitabh - one who has conquered the sky, 10 
Ajitesh - Vishnu, 10 
Ajmal - pious, 10 
Akalmash - stainless; pure, 10 
Akash - the sky, 10 
Akbar - powerful, 10 
Akhil - complete, 10 
Akhilesh - lord of all, 10 
Akmal - complete, 10 
Akram - excellent, 10 
Akroor - kind, 10 
Akshan - eye, 10 
Akshar - imperishable, 10 
Akshat - uninjurable, 10 
Akshath - indestructible, 10 
Akshay - indestructible, 10 
Akshit - permanent, 10 
Akul - a name of Lord Shiva , 10
Alagan - handsome , 10
Alagarasu - handsome king, 10
Alam - the whole world , 10
Alamgir - the lord of the whole world , 10
Aleem - knowledgeable , 10
Alhad - joy , 10
Ali - protected by god , 10
Alok - cry of victory, 10
Aloke - light , 10
Amaanath - treasure , 10
Amal - unblemished; pure , 10
Amalendu - the unblemished moon , 10
Amalesh - the pure one , 10
Amanda - active , 10
Amar - forever; immortal , 10
Amartya - immortal , 10
Ambar - sky , 10
Ambarish - the sky , 10
Amber - the sky , 10
Ambuj - lotus , 10
Ameya - immeasurable; boundless , 10
Amil - invaluable , 10
Amin - divine grace , 10
Amish - honest , 10
Amit - without limit; endless , 10
Amitabh - limitless lustre, 10
Amitava - same as Amitabh , 10
Amitbikram - limitless prowess , 10
Amitesh - one who is Infinite; God , 10
Amitiyoti - limitless brightness , 10
Amitrasudan - destroyer of enemies , 10
Amiya - nectar; delight , 10
Amlan - unfading; everbright , 10
Amlankusum - everlasting flower , 10
Ammar - the maker , 10
Amod - pleasure , 10
Amogh - unerring; a name of Lord Ganesh , 10
Amoha - clear; straight , 10
Amoha - clear; straight , 10
Amol - priceless , 10
Amolik - priceless , 10
Amrit - nectar , 10
Amulya - priceless , 10
Anadi - eternal , 10
Anal - fire , 10
Anamitra - the sun , 10
Anand - joy; happiness , 10
Ananga - name of Cupid or Kamadeva , 10
Ananmaya - one who cannot be broken , 10
Anant - infinite , 10
Anantram - the eternal; god , 10
Anarghya - priceless , 10
Anbarasu - king of love , 10
Anbu - love; kindness , 10
Anbuchelvan - kind; king of love, 10
Anbumadi - kind and intelligent , 10
Anbuselvan - kind; king of love , 10
Angad - an ornament , 10
Angada - bracelet , 10
Angamuthu - made of pearls , 10
Anil - god of wind , 10
Animish - open-eyed therefore attractive , 10
Anirudh - free; grandson of Lord Krishna , 10
Anirudhha - cooperative , 10
Anirvan - undying , 10
Anisa - supreme , 10
Anish - supreme; Lord Vishnu; Lord Shiva , 10
Aniteja - Immeasurable splendour , 10
Anjasa - guileless; deceitless , 10
Anjum - a token , 10
Anjuman - a token; a sumbol , 10
Ankit - conquered , 10
Ankur - sprout; new life , 10
Ankush - check, 10
Anmol - priceless , 10
Anoop - without comparison , 10
Anshu - the sun , 10
Anshul - radiant , 10
Anshuman - the sun , 10
Anshumat - luminous , 10
Anugya - authority , 10
Anuha - satisfied , 10
Anuj - younger brother , 10
Anunay - supplication; consolation , 10
Anup - without comparison, 10
Anupam - incomparable, 10
Anuraag - love; attachment; devotion , 10
Anurag - love; attachment; devotion, 10
Anuttam - unsurpassed , 10
Anwar - devotee of God , 10
Apoorva - quite new , 10
Apparajito - undefeated , 10
Japendra - unique , 10
Arav - peaceful , 10
Aravali - righteous , 10
Archan - worship , 10
Archit - worshipped , 10
Ardhendu - half moon , 10
Arghya - offering to the Lord , 10
Arihant - destroyer of enemies , 10
Arijit - conquering enemies , 10
Arindam - destroyer of enemies , 10
Arivalagan - intelligent and handsome , 10
Arivali - smart; intelligent , 10
Arivarasu - king of wisdom , 10
Arivoli - glowing with intelligence , 10
Arivuchelvan - one whose wealth is his wisdom , 10
Arivumadhi - intelligent , 10
Arivunambi - confident and intelligent , 10
Arjit - earned , 10
Arjun - Pandava prince; bright; peacock , 10
Arjun - peacock , 10
Arka - the sun , 10
Arnav - ocean; sea , 10
Arnesh - lord of the sea , 10
Arokya - very pious; healthy , 10
Aroon - mythological - charioteer of the sun; dawn , 10
Arshad - pious , 10
Arul - the lord's grace; lord's blessings , 10
Arulchelvan - blessed, 10
Arulselvan - blessed , 10
Arumugan - one with 6 faces - lord Murugan , 10
Arun - mythological - charioteer of the sun; dawn, 10
Aruni - name of a devoted pupil , 10
Arvind - lotus , 10
Arvinda - lotus , 10
Arya - honoured; noble , 10
Aryaman - the sun , 10
Aryan - from a high race , 10
Asao - essence , 10
Aseem - limitless , 10
Asgar - devotee , 10
Ashis - benediction; blessings , 10
Ashok - without grief , 10
Ashraf - without grief , 10
Ashu - quick , 10
Ashutosh - Lord Shiva , 10
Ashwatthama - fiery tempered , 10
Ashwin - a cavalier; a Hindu month , 10
Asija - brother of Sage Brihaspathi , 10
Asim - limitless , 10
Asit - the planet , 10
Aslam - greeting , 10
Aslesh - embrance , 10
Atal - immoveable , 10
Atanu - Cupid , 10
Atharvan - one of the four Vedas , 10
Athiya - to surpass , 10
Atma - soul , 10
Atmaja - son , 10
Atmajyoti - inner light; light of the soul , 10
Atmananda - bliss of soul , 10
Atralarasu - skillfull king or leader , 10
Atre - the son of sage Atri to whom Dattatreya was born , 10
Atul Atulya - matchless; incomparable , 10
Avadhesh - King Dasaratha , 10
Avanindra - lord of the earth , 10
Avanish - lord of the earth , 10
Avatar - incarnation , 10
Avikshit - never seen before , 10
Avinash - indestructible , 10
Avkash - limitless space , 10
Ayog - institution , 10
Ayush - duration of life; a divine personification presiding over life , 10
Ayyappa - southern deity; ever youthful , 10
Azeez - friend , 10
Azhar - famous , 10
Azzam - the lord; Almighty , 10
Badal - cloud; rain, 10
Badri - Lord Vishnu , 10
Badrinath - Lord of Mt.Badri , 10
Badriprasad - Lord Bhadri's gift , 10
Bahubali - a Jain Tirthakar, 10
Bahuleya - Lord Kartikeya , 10
Bajrang - a name of Lord Hanuman, 10
Balaaditya - young sun , 10
Balachandra - young moon , 10
Balagopal - baby krishna , 10
Balagovind - baby Krishna, 10
Balaji - Lord Vishnu Balaraj - strong , 10
Balakrishna - baby Krishna , 10
Balamani - young jewel , 10
Balamohan - one who is attractive , 10
Balamohan(one who is attractive; , 10
Balaram - the brother of Lord Krishna, 10
Balbir - strong Baldev - strong , 10
Baldev - godlike in power , 10
Balram - Krishna's brother , 10
Balvindra - strong , 10
Balwant - strong, 10
Banbihari - Lord Krishna , 10
Bandhu - friend, 10
Bandhul - pleasing , 10
Bankebihari - Lord Krishna, 10
Bankim - curved , 10
Bankimchandra - crescent moon, 10
Bansi - flute , 10
Bansilal - Lord Krishna, 10
Barid - cloud , 10
Baridbaran - colour of the cloud, 10
Barindra - the ocean , 10
Barun - Lord of the Sea, 10
Basanta - spring , 10
Bashir - harbinger of good things, 10
Basistha - a sage , 10
Basudha - earth, 10
Bhadrak - handsome , 10
Bhadraksh - one with beautiful eyes , 10
Bhagirath - one who brought river Ganga to the earth, 10
Bhagwant - fortunate , 10
Bhagyaraj - lord of luck, 10
Bhairav - Lord Shiva , 10
Bhajan - adoration , 10
Bhanu - sun , 10
Bhanu - the sun, 10
Bhanudas - a devotee of the sun , 10
Bhanuprasad - gift of sun , 10
Bharadwaj - a sage; a mythical bird , 10
Bharat - India; universal monarch , 10
Bhargava - Lord Shiva , 10
Bhaskar - sun , 10
Bhaskar - the sun, 10
Bhaumik - attached to the earth , 10
Bhavesh - lord of the world , 10
Bhim - powerful , 10
Bhishma - one who has taken a terrible vow, 10
Bhooshan - decoration , 10
Bhooshit - decorated, 10
Bhrij - Lord Krishna, 10
Bhudev - lord of the earth , 10
Bhupen - king , 10
Bhupendra - king of kings , 10
Bhushan - ornament , 10
Bhuvan - palace; one of the three worlds , 10
Bhuvanesh - lord of the worlds , 10
Bibek - conscience, 10
Bibhas - a raga , 10
Bibhavasu - the sun; fire, 10
Bikram - prowess , 10
Bilva - a sacred leaf, 10
Bimal - pure, 10
Bindusar - an excellent pearl , 10
Bipin - forest , 10
Bitasok - one who does not mourn, 10
Bodhan - kindling, 10
Boudhayan - the name of a sage, 10
Brahmabrata - ascetic , 10
Brahmadutt - dedicated to Lord Brahma, 10
Bratindra - devoted to right deeds , 10
Brijesh - god of the land of Brij , 10
Brijmohan - Krishna , 10
Buddhadev - wise person , 10
Buddhadeva - wise; Gautama Buddha, 10
Budhil - learned , 10
Chaitanya - life; knowledge , 10
Chakor - a bird enamoured of the moon , 10
Chakrapani - Lord Vishnu, 10
Chakshu - eye , 10
Chaman - garden , 10
Chamanlal - garden , 10
Champak - a flower, 10
Chanchal - restless , 10
Chandak - the moon, 10
Chandan - sandalwood , 10
Chandra - the moon, 10
Chandrachur - Lord Shiva , 10
Chandrahas - bow of Shiva , 10
Chandrak - peacock feather , 10
Chandrakanta - the moon, 10
Chandrakishore - the moon , 10
Chandrakumar - the moon, 10
Chandramohan - attractive like the moon , 10
Chandran - the moon, 10
Chandranath - the moon , 10
Chandraraj - moonbeam, 10
Chandrashekhar - one who holds moon in his hair - Shiva , 10
Chandrashekhar - one who holds moon in his hair; Lord Shiva, 10
Chandresh - lord of the moon , 10
Chapal - quick , 10
Charan - feet , 10
Charanjit - one who has won over the lord , 10
Charudutta - born of beauty , 10
Chaturbhuj - strong; broad shouldered, 10
Chetan - consciousness; life , 10
Chetana - consciousness, 10
Chhandak - the charioteer of Lord Buddha , 10
Chidambar - one whose heart is as vast as the sky, 10
Chidananda - Lord Shiva , 10
Chinmay - full of knowledge , 10
Chinmayananda - blissful , 10
Chintamani - philosopher's stone , 10
Chirag - lamp , 10
Chiranjeev - longlived , 10
Chirantan - immortal , 10
Chirayu - immortal, 10
Chitrabhanu - fire , 10
Chitraksh - beautiful eyed , 10
Chitral - of variegated colour , 10
Chitrarath - the sun, 10
Chitrasen - a king of Gandharvas , 10
Chitta - mind, 10
Chittaprasad - happiness , 10
Chittaranjan - one who pleases the mind , 10
Chittaswarup - the supreme spirit , 10
Chittesh - lord of the soul , 10
Chudamani - jewel adorned by the gods , 10
Dabeet - warrior, 10
Dakshesh - Shiva , 10
Daman - one who controls , 10
Damian - tamer, 10
Damodar - Lord Ganapati , 10
Darpak - Kamdev; god of love , 10
Darpan - a mirror, 10
Darshan - religious text , 10
Daruka - deodar tree , 10
Dasharath - the father of Lord Rama, 10
Dattatreya - a son of Atri; a god , 10
Dayanand - one who prefers being merciful , 10
Debashis - benediction of god, 10
Debashish - pleased by gods , 10
Deenabandhu - friend of the poor , 10
Deep - a lamp, 10
Deepak - lustrous , 10
Deepan - lighting up, 10
Deepankar - lord of light , 10
Deependra - lord of light , 10
Deependu - bright moon, 10
Deepesh - lord of light , 10
Deepit - lighted, 10
Deeptanshu - the sun , 10
Deeptendu - bright moon, 10
Deeptiman - lustrous , 10
Deeptimoy - lustrous, 10
Dev - God; king , 10
Dev Kumar - son of gods, 10
Devabrata - a name of Bhisma, 10
Devadas - follower of God , 10
Devadutt - gift of god , 10
Devajyoti - brightness of the Lord, 10
Devak - divine , 10
Devanand - joy of god , 10
Devang - part of god , 10
Devarsi - sage of the Devas , 10
Devdas - servant of god , 10
Devdutta - king , 10
Devendra - Lord Indra, 10
Devesh - Lord Shiva , 10
Deveshwar - Lord Shiva, 10
Devilal - son of godess , 10
Deviprasad - gift of godess , 10
Devnarayan - king , 10
Devnath - King of gods, 10
Devraj - king of gods , 10
Dhananjay - one who wins wealth , 10
Dhanesh - lord of wealth , 10
Dhanraj - Lord Kuber , 10
Dhansukh - wealthy; happy, 10
Dhanvant - wealthy , 10
Dharanidhar - Shesh - the cosmic serpent, 10
Dharma - law - religious , 10
Dharmadas - one who serves his religion , 10
Dharmadev - lord of law , 10
Dharmanand - one who takes pleasure in his religion, 10
Dharmendra - king of religion , 10
Dharmendu - light of religion, 10
Dharmesh - master of religion , 10
Dharmpal - protector of his religion , 10
Dharmveer - religious, 10
Dhaval - fair complexioned , 10
Dhawal - white , 10
Dheeman - intelligent, 10
Dheemant - wise; intelligent , 10
Dheer - gentle, 10
Dheerendra - god of courage, 10
Dhiraj - emperor , 10
Dhiren - one who is strong , 10
Dhirendra - lord of the brave , 10
Dhritiman - patient , 10
Dhruv - pole star , 10
Dhruva - unshakeable the Pole Star, 10
Nilesh - sound , 10
Dhyanesh - meditative, 10
Digamber - nacked , 10
Dilawar - brave, 10
Dilip - a king; ancestor of Rama , 10
Dinanath - protector , 10
Dinar - gold coin, 10
Dindayal - kindto the poor , 10
Dinesh - sun; god of the day , 10
Dinkar - sun , 10
Divakar - the sun , 10
Divyanga - divine body, 10
Divyendu - the moon , 10
Divyesh - sun , 10
Drupad - a king; father of Draupadi, 10
Dulal - dear one , 10
Duranjaya - a heroic son , 10
Durjaya - difficult to conquer, 10
Dushyanta - a king from the epic Mahabharata, 10
Dwaipayan - the sage Vyasa , 10
Dwijaraj - king of Brahmins; the moon, 10
Dwijendra - king of Brahmins; the moon , 10
Dwijesh - river , 10
Ekalavya - renowned for devotion to his guru , 10
Ekalinga - Shiva , 10
Ekambar - sky, 10
Ekanath - king, 10
Ekanga - bogyguard , 10
Eknath - poet; saint, 10
Ekram - honour , 10
Eshwar - Lord Shiva , 10
Faiyaz - artistic, 10
Faiz - gain , 10
Falak - the sky, 10
Falguni - born in the Hindu month of Falgun, 10
Fanibhusan - Lord Shiva, 10
Fanindra - the cosmic serpent Shesh , 10
Fanish - the cosmic serpent Shesh , 10
Fanishwar - lord of serpents; Vasuki, 10
Faraz - equitable, 10
Farhad - happiness, 10
Farhat - happiness , 10
Farid - wide , 10
Farokh - power of discrimination, 10
Fateh - victory , 10
Fatik - crystal, 10
Firdaus - paradise , 10
Firoz - name of a king , 10
Gagan - sky; heaven , 10
Gaganvihari - one who stays in heaven , 10
Gajanan - one with elephant face , 10
Gajanand - Ganesh , 10
Gajendra - the king of elephants, 10
Ganapati - Ganesh , 10
Ganaraj - chief of clan, 10
Gandharva - celestial musician , 10
Gandhik - fragant, 10
Ganesh - son of Shiva and Parvati , 10
Gangadhar - Shiva , 10
Gangadutt - gift of Ganga , 10
Gangesh - Shiva, 10
Muhamad - the Prophet , 10
Mukesh - lord of the dumb , 10
Muktananda - liberated , 10
Mukul - bud , 10
Mukunda - freedom giver , 10
Mukut - crown, 10
Mulkraj - king , 10
Mumtaz - conspicuous, 10
Muni - sage , 10
Murad - prowess, 10
Murali - flute , 10
Muralidhar - Lord Krishna, 10
Muralimanohar - Lord Krishna , 10
Murari - Lord Krishna , 10
Murarilal - Lord Krishna, 10
Musheer - advice , 10
Nabarun - morning sun, 10
Nabendu - new moon , 10
Nabhi - focus; the best, 10
Nachiketa - fire , 10
Nadir - pinnacle, 10
Nagendra - Seshnag , 10
Nagesh - Seshnag; Cosmic Serpent, 10
Nahusha - a mythological king , 10
Nairit - south-west, 10
Naishadh - King Nala; a hero from the Mahabharata who was king of Nishadha , 10
Nakshatra - star, 10
Nakul - name of one of the Pandavas , 10
Nalin - lotus; water , 10
Nalinaksha - lotus-eyed , 10
Naman - salutation, 10
Namdev - poet; saint , 10
Nanak - guru of the Sikhs, 10
Nand - joyful , 10
Nanda - meritorious; great achiever , 10
Nandan - pleasing, 10
Nandan - pleasing; son , 10
Nandi - one who pleases others , 10
Naotau - new, 10
Narahari - Lord Vishnu , 10
Narasimha - an incarnation of Lord Vishnu , 10
Narayan - Lord Vishnu , 10
Narayana - Vishnu; refuge of man , 10
Narendra - king among men , 10
Naresh - lord of man , 10
Narhari - man-lion , 10
Narmad - bringing delight , 10
Narottam - best among men , 10
Narsimha - lion among men , 10
Nartan - dance , 10
Natesh - king, 10
Natraj - king among actors , 10
Natwar - Lord Krishna , 10
Naval - wonder, 10
Navaneet - butter, 10
Naveen - new , 10
Navin - new , 10
Navnit - fresh butter , 10
Navrang - beautiful , 10
Navroz - a Parsee festival, 10
Nayan - eye , 10
Neel - blue , 10
Neeladri - the Nilgiris, 10
Neelam - emerald , 10
Neelambar - blue sky , 10
Neelanjan - blue, 10
Neelesh - Lord Krishna; moon , 10
Neelkanta - Lord Shiva, 10
Neelkanth - peacock; Shiva , 10
Neelmadhav - Lord Jagannath , 10
Neelmani - sapphire, 10
Neelotpal - blue lotus , 10
Neeraf - river, 10
Neeraj - lotus; pearl , 10
Nibodh - knowledge, 10
Nidhish - lord of treasure , 10
Nigam - treasure , 10
Nihal - gratified, 10
Nihar - mist; fog; dew , 10
Niket - home, 10
Nikhat - fragrance , 10
Nikhil - complete; whole , 10
Nikhilesh - lord of all , 10
Nikunj - a bower , 10
Nikunja - grove of trees, 10
Nilay - heaven , 10
Nilesh - Krishna; blue god , 10
Nimai - Chaitanya, 10
Nimish - spilt;second , 10
Ninad - sound, 10
Nipun - expert , 10
Nirad - cloud, 10
Niraj - lotus flower , 10
Nirajit - illuminated , 10
Niramay - without blemish, 10
Niramitra - son of pandava Sahadeva , 10
Niranjan - simple , 10
Nirav - quiet, 10
Nirbhay - fearless , 10
Nirijhar - waterful, 10
Nirmal - clean; pure , 10
Nirmalya - pure, 10
Nirmit - created , 10
Nirmohi - unattached, 10
Nirupam - without comparison , 10
Nirvan - liberation, 10
Nischal - calm , 10
Nishad - seventh note on the Indian musical scale , 10
Nishanath - moon , 10
Nishant - dawn , 10
Nishesh - entire, 10
Nishikanta - the moon , 10
Nishit - midnight , 10
Nishita - sharp, 10
Nishith - night , 10
Nishok - happy, 10
Nissim - unbounded , 10
Niteesh - god of law, 10
Nitin - master of the right path, 10
Nitish - master of the right path , 10
Nityagopal - constant, 10
Nityanand - perennially happy , 10
Nityananda - always happy , 10
Nityasundar - forever good looking , 10
Nivrutti - separated from world , 10
Nripa - king, 10
Nripendra - king of kings , 10
Nripesh - king of kings , 10
Ojas - lustre, 10
Om - the sacred syllable , 10
Omanand - joy of Om , 10
Omar - an era, 10
Omja - born of cosmic unity , 10
Omkar - the sound of the sacred syllable, 10
Omprakash - light of Om , 10
Omrao; Umrao - king, 10
Omswaroop - manifestation of divinity , 10
Oojam - enthusiasm , 10
Oorjit - powerful , 10
Osman; Usman - salve of God , 10
Paavan - purifier, 10
Padman - lotus , 10
Padmanabh - one with lotus in his navel, 10
Padmanabha - Lord Vishnu, 10
Padmapati - Lord Vishnu , 10
Palak - eyelash, 10
Palash - a flowering , 10
Palashkusum - the flower of Palash, 10
Palashranjan - beautiful like a Palash , 10
Pallab - new leaves, 10
Pallav - young shoots and leaves , 10
Panchanan - Lord Shiva , 10
Pandhari - Lord Vithobha, 10
Panduranga - one with pale white complexion , 10
Panini - the great scholar , 10
Pankaj - lotus flower , 10
Pannalal - emerald, 10
Parag - pollen, 10
Parakram - strength, 10
Param - the best , 10
Paramananda - joy , 10
Paramartha - highest truth , 10
Paramesh - Lord Shiva, 10
Paramhansa - supreme soul, 10
Paramjeet - highest success , 10
Paranjay - Varun of the Sea , 10
Parantapa - conqueror, 10
Parashar - an ancient, 10
Parashuram - sixth incarnation of  Arjun , 10
Parasmani - touchstone , 10
Paravasu - name of a sage , 10
Parees - touch stone , 10
Paresh - supreme spirit , 10
Parijat - a celestial flower , 10
Pariket - against desire , 10
Parikshit - name of the ancient king Parimal - fragrance , 10
Parindra - lion , 10
Paritosh - contentment , 10
Paritosh - satisfaction, 10
Parkash - light, 10
Parmameshwar - Almightly Lord , 10
Parnad - a Brahmin in the epics , 10
Partha - Arjun , 10
Parthapratim - like Arjuna, 10
Parvatinandan - Lord Ganesh , 10
Parvesh - Lord of celebration Pasupati - Lord Shiva , 10
Patakin - holder of a banner, 10
Patanjali - famous Yoga philosopher , 10
Pathik - a traveller, 10
Pathin - traveller , 10
Patralika - new leaves, 10
Pavak - fire , 10
Pavan - wind , 10
Pavani - Hanuman , 10
Pavanjit - wind , 10
Pavitra - pure, 10
Payas - water , 10
Payod - cloud, 10
Peeyush - nectar , 10
Phalguni - born in the Hindu month of Falgun , 10
Phanindra - Sesh; the divine snake, 10
Phenil - foam like , 10
Pinak - Shiva's bow , 10
Pinaki - Lord Krishna, 10
Pirmohammed - rhw holy prophet , 10
Pitambar - Lord Vishnu, 10
Piyush - milk , 10
Piyush - nectar , 10
Poojan - worship, 10
Poojit - worshipped , 10
Poorna - complete, 10
Poornachandra - full moon , 10
Prabal - coral, 10
Prabhakar - sun , 10
Prabhakar - the sun , 10
Prabhas - lustrous, 10
Prabhat - dawn , 10
Prabhat - morning , 10
Prabhav - effect, 10
Prabir - hero; brave one , 10
Prabodh - sound advice , 10
Prabodhan - knowledge , 10
Prabuddha - awakened Prachetas - energy , 10
Prachur - abundant, 10
Pradeep - light; shine , 10
Pradnesh - lord of wisdom , 10
Pradosh - dusk, 10
Pradyot - lustre , 10
Pradyumna - cupid Pradyun - radiant , 10
Praful - blooming Prafulla - blooming , 10
Prafulla - pleasant; cheerful , 10
Pragun - straight; honest Prahlad - joy , 10
Prahlad - excess of joy , 10
Prajeet - victorious , 10
Prajesh - Lord Brahma, 10
Prajin - kind , 10
Prajit - kind, 10
Prakash - light , 10
Prakat - mainfested , 10
Prakriti - nature , 10
Pralay - Himalay, 10
Pramath - horse , 10
Pramesh - master of accurate knowledge , 10
Pramit - consciousness , 10
Pramod - happiness , 10
Pran - life, 10
Pranav - the sacred syllable Om , 10
Pranay - love, 10
Pranay - romance , 10
Pranet - leader , 10
Pranit - modest , 10
Pranjal - simple, 10
Pranjivan - life , 10
Pransukh - joy of life, 10
Prasad - offering to god during pooja , 10
Prasanna - cheerful; pleased , 10
Prasata - father of Draupad , 10
Prasenjit - a king in the epics , 10
Prasham - peace, 10
Prashant - calm and composed , 10
Prashanta - calm , 10
Prasoon - flower , 10
Prasun - blossom Pratap - glory , 10
Pratap - dignity; majesty , 10
Prateek - symbol; first word in a sentence , 10
Prateep - king; Shantanu's father, 10
Prateet - manifested , 10
Pratik - symbol, 10
Pratiti - faith; undrstanding , 10
Pratosh - extreme delight , 10
Pratul - plenty, 10
Praval - fierce; strong , 10
Pravar - excellent, 10
Praveen - expert; experienced, 10
Praver - chief , 10
Pravir - brave , 10
Prayag - confluence, 10
Preetish - god of love , 10
Prem - love , 10
Premal - full of love , 10
Premanand - joy of love , 10
Premendra - lover , 10
Pritam - beloved, 10
Prithu - a king from the epics , 10
Prithvi - earth, 10
Prithviraj - king of the earth , 10
Priya - beloved, 10
Priyabrata - devoted to pleasing , 10
Priyaranjan - beloved , 10
Pujit - worshipped, 10
Pukhraj - topaz , 10
Pulak - joy, 10
Pulakesh - joyous , 10
Pulastya - an ancient, 10
Pulin - beautiful , 10
Pulish - name of a sage, 10
Pundarik - white lotus , 10
Puneet - pure , 10
Punit - pure , 10
Punyabrata - dedicated to the good, 10
Punyasloka - sacred verse , 10
Purandar - Lord Indra, 10
Puranjay - Lord Shiva , 10
Purnanada - God, 10
Purnendu - full moon , 10
Puru - abundant; name of a king, 10
Purujit - conqueror of city , 10
Purumitra - friend of city , 10
Pururava - the founder of Chandra dynasty , 10
Purushottam - best of men , 10
Pushkar - lotus; a lake , 10
Pushpak - mythical vehicle of Lord Vishnu, 10
Puskara - blue lotus; fountain , 10
Pyarelal - Lord Krishna , 10
Pyaremohan - Lord Krishna , 10
Quamar - the moon, 10
Quasim - old generation, 10
Qutub - tall , 10
Radhakanta - Lord Krishna, 10
Radhakrishna - Radha and Lord Krishna , 10
Radhavallabh - Lord Krishna-beloved of Radha, 10
Radheshyam - Lord Krishna , 10
Radheya - Karna Rafat - elevation , 10
Raghav - Lord Rama, 10
Raghavendra - Lord Rama , 10
Raghu - the family of Lord Rama, 10
Raghunandan - Lord Rama, 10
Raghunath - Lord Rama , 10
Raghupati - Lord Rama , 10
Raghuvir - Lord Rama, 10
Rahas - secret , 10
Rahman - merciful , 10
Rahul - son of Lord Buddha, 10
Raj - king , 10
Raja - king, 10
Rajam - Goddess Lakshmi , 10
Rajan - king , 10
Rajani - night , 10
Rajanikant - sun; lord of night , 10
Rajanikanta - king's sage, 10
Rajarshi - king's sage, 10
Rajas - mastery; fame; pride , 10
Rajat - silver, 10
Rajatshubhra - white as silver , 10
Rajdulari - princess, 10
Rajeev - blue lotus , 10
Rajendra - king , 10
Rajendrakumar - king, 10
Rajendramohan - king, 10
Rajesh - god of kings , 10
Rajesh - king , 10
Rajit - decorated , 10
Rajiv - lotus flower , 10
Rajivlochan - king's sage, 10
Rajivnayan - king's sage, 10
Rajkumar - prince , 10
Rajrishi - king's sage , 10
Rajyeshwar - king, 10
Rakesh - the moon , 10
Raksha - the moon; protection, 10
Ram - Lord Rama; one who pleases , 10
Ramakanta - Lord Vishnu, 10
Raman - beloved; pleasing , 10
Ramanuja - born after Rama, 10
Ramashray - Lord Vishnu; protected by Rama , 10
Ramavatar - reincarnation of Lord Rama, 10
Ramchandra - Lord Rama , 10
Ramesh - Lord Vishnu, 10
Rameshwar - Lord Shiva , 10
Ramkishore - Lord Rama, 10
Ramkrishna - Lord Rama; Krishna , 10
Ramkumar - Lord Rama, 10
Rammohan - Lord Rama , 10
Ramnath - Lord Rama, 10
Ramprasad - Lord Rama , 10
Rampratap - Lord Rama, 10
Ramratan - Lord Rama , 10
Ramswaroop - Lord Rama, 10
Ranajay - victorious , 10
Ranajit - victorious, 10
Randhir - brave , 10
Rangan - a flower, 10
Ranganath - Lord Vishnu , 10
Ranjan - entertaining, 10
Ranjeet - victor in wars , 10
Ranjit - victorious , 10
Rasaraj - mercury , 10
Rasbihari - Lord Krishna, 10
Rasesh - Lord Krishna , 10
Rashmil - silken, 10
Rasik - connoisseur, 10
Rasul - angel , 10
Ratan - precious stone, 10
Ratannabha - Lord Vishnu , 10
Rathin - celestial, 10
Ratish - cupid , 10
Ratnakar - mine of jewels; sea , 10
Ratul - sweet , 10
Ravi - sun , 10
Ravikiran - sun ray , 10
Ravinandan - Karna , 10
Ravindra - sun , 10
Ravishu - cupid , 10
Raza - hope, 10
Razak - devotee , 10
Rebanta - a son of Surya, 10
Rehman - merciful , 10
Rehmat - mercy, 10
Riddhiman - possessed of good fortune , 10
Rijul - innocent, 10
Ripudaman - killer of enemies , 10
Rishabh - second note of the indian scale of music, 10
Rishi - sage; ray of light , 10
Rishikesh - Lord Vishnu, 10
Rituparan - joyous, 10
Rituraj - spring , 10
Ritvik - priest , 10
Riyaz - practice, 10
Rizvan - harbinger of good news , 10
Rochak - tasty, 10
Rochan - red lotus; bright , 10
Rohan - ascending, 10
Rohanlal - Lord Krishna , 10
Rohit - red , 10
Rohitasva - sone of King Harishchandra , 10
Ronak - embellishment, 10
Roshan - illumination , 10
Ruchir - beautiful, 10
Rudra - Lord Shiva , 10
Rujul - simple; honest , 10
Rupak - beautiful, 10
Rupesh - lord of beauty , 10
Rupin - embodied beauty , 10
Rushil - charming , 10
Rustom - warrior , 10
Rutujit - conquerer of seasons , 10
Sacchidananda - total bliss, 10
Sachet - consciousness, 10
Sachetan - rational , 10
Sachin - Lord Indra , 10
Sachit - consciousness, 10
Sadanand - ever joyous , 10
Sadashiva - eternally pure, 10
Sadeepan - lighted up , 10
Sadiq - kingly, 10
Saeed - priestly , 10
Sagar - sea; ocean , 10
Sagun - possessed of qualities , 10
Sahaj - natural, 10
Sahas - bravery , 10
Sahdev - one of the Pandava princes, 10
Sahib - the lord , 10
Sahil - guide, 10
Sainath - Saibaba , 10
Saipraasad - blessing, 10
Saipratap - blessing of Saibaba , 10
Sajal - moist, 10
Sajan - beloved , 10
Saket - Llrd Krishna, 10
Salaman - high , 10
Salarjung - beautiful , 10
Saleem - healthy , 10
Salil - water , 10
Salim - happy; peaceful, 10
Samar - war, 10
Samarendra - Lord Vishnu , 10
Samarendu - Lord Vishnu, 10
Samarjit - victorious in war , 10
Samarth - powerful, 10
Sambaran - restraint; name of an ancient king , 10
Sambhav - born; mainfested, 10
Sambhddha - wise, 10
Sambit - consciousness , 10
Sameen - valuable, 10
Sameer - breeze , 10
Samendra - winner of war , 10
Samir - wind , 10
Samiran - breeze , 10
Sampat - prosperous , 10
Samrat - emperor , 10
Samudra - ocean, 10
Samudragupta - a famous king , 10
Samudrasen - lord of the ocean, 10
Samyak - enough , 10
Sanabhi - related, 10
Sanam - beloved , 10
Sanat - Lord Brahma, 10
Sanatan - eternal , 10
Sanchay - collection, 10
Sanchit - collected , 10
Sandananda - eternal bliss , 10
Sandeep - a lighted lamp , 10
Sandeepen - a sage, 10
Sanjay - Bhritarashtra's charioteer , 10
Sanjiv - love; life, 10
Sanjivan - immortality , 10
Sanjog - coincidence , 10
Sankalpa - resolve, 10
Sankara - Shiva , 10
Sankarshan - a name of Balaram; brother of Lord Krishna , 10
Sanket - signal, 10
Sanobar - palm tree , 10
Santosh - contentment, 10
Sanwariya - Lord Krishna , 10
Sanyog - conincidence, 10
Sapan - dream , 10
Saquib - bright, 10
Saral - straight , 10
Sarang - spotted deer , 10
Saras - a bird; lake, 10
Sarasija - lotus , 10
Sarasvat - learned , 10
Sarat - autumn, 10
Sarbajit - one who has conquered all , 10
Sarfaraz - head held high, 10
Saroj - lotus , 10
Sartaj - crown, 10
Sarthak - well done , 10
Sarup - beautiful, 10
Sarvadaman - son of Shakuntala-Bharat , 10
Sarvesh - lord of all, 10
Sarwar - promotion , 10
Sashreek - prosperous, 10
Satindra - Lord Vishnu , 10
Satish - ruler of hundreds , 10
Satrijit - father of Satyabhama; wife of Lord Krishna , 10
Satvamohan - truthful , 10
Satyajit - wedded to truth, 10
Satyakam - son of Jabala in the Mahabharata , 10
Satyaki - charioteer of Krishna, 10
Satyamurty - statue of truth , 10
Satyanarayan - Lord Krishna, 10
Satyankar - true; good , 10
Satyaprakash - light of truth, 10
Satyapriya - devoted to truth , 10
Satyasheel - truthful, 10
Satyavan - husband of Savitri; true , 10
Satyavrat - one who has taken vow of truth , 10
Satyavrata - dedicated to truth, 10
Satyendra - lord of truth , 10
Saurabh - fragrance , 10
Saurav - divine; celestial , 10
Savar - Lord Shiva, 10
Savitendra - the sun , 10
Sawan - a Hindu month, 10
Sayam - evening , 10
Sayed - leader, 10
Seemanta - parting line of hair , 10
Senajit - victory over army , 10
Sevak - servant, 10
Shaan - pride , 10
Shachin - Lord Indra, 10
Shachindra - Lord Indra, 10
Shadab - fresh , 10
Shaheen - tender, 10
Shahid - patriot , 10
Shailendra - king of mountains; Himalayas, 10
Shailesh - god of mountain; Himalayas, 10
Shaistakhan - polite, 10
Shakib - patience , 10
Shaktidhar - Lord Shiva, 10
Shakunt - blue jay , 10
Shakyasinha - Lord Buddha , 10
Shalin - modest , 10
Shambhu - Lord Shiva, 10
Shameek - an ancient sage , 10
Shami - fire, 10
Shamindra - quiet; gentle , 10
Shams - fragrance, 10
Shamshu; Shamshad - beautiful , 10
Shandar - proud, 10
Shankar - Shiva , 10
Shankha - conch, 10
Shanmuga - Kartikeya; first son of Lord Shiva , 10
Shanmukha - Kartikeya; first son of Lord Shiva, 10
Shantanu - a king from the epic Mahabharata, 10
Shantashil - gentle , 10
Shantimay - peaceful, 10
Shantinath - lord of peace , 10
Shantiprakash - light of peace, 10
Shantipriya - peace-loving , 10
Sharad - autumn, 10
Sharadchandra - autumn moon , 10
Sharadindu - autumn moon, 10
Sharan - shelter , 10
Sharang - deer, 10
Shardul - tiger , 10
Shariq - intelligent, 10
Shashank - moon , 10
Shashanka - the moon , 10
Shashee - moon , 10
Shashibhushan - Shiva, 10
Shashidhar - the moon , 10
Shashikant - moon stone , 10
Shashikiran - moon's rays, 10
Shashimohan - the moon , 10
Indian baby boy names, 10
Indian baby boy names, 10
Indian baby boy names, 10
Indian baby boy names, 10
Indian baby boy names, 10
Indian baby boy names, 10
Indian baby boy names, 10
Indian baby boy names, 10
Indian baby boy names, 10
Gangeya - of the Ganga , 10
Gangol - a precious, 10
Gaurang - fair complexioned , 10
Gaurav - honour; pride; respect , 10
Gaurinath - Lord Shiva, 10
Gautam - Lord Buddha , 10
Geet - excellent , 10
Ghanashyam - Lord Krishna, 10
Giri - mountain , 10
Giridari - Lord Krishna , 10
Giridhar - Lord Krishna, 10
Giridhar - one who holds mountain - Krishna , 10
Girik - Lord Shiva, 10
Girilal - Lord Shiva , 10
Girindra - Lord Shiva, 10
Giriraj - lord of mountain , 10
Girish - Lord Shiva, 10
Gokul - a place where Lord Krishna was brought up , 10
Gopal - Krishna; protector of cows, 10
Gopan - protection , 10
Gopesh - Lord Krishna , 10
Gopichand - name of a king, 10
Gorakh - cowherd , 10
Gourishankar - Mount Everest, 10
Govind - cowherd , 10
Govinda - Lord Krishna , 10
Gudakesha - the archer Arjuna, 10
Gulab - rose , 10
Gulfam - the colour , 10
Gulzar - gardener, 10
Gulzarilal - name of Lord Krishna , 10
Gumwant - virtuous , 10
Gunaratna - jewel of virtue , 10
Gunjan - buzzing of a bee, 10
Gupil - a secret, 10
Gurbachan - promise of the guru , 10
Gurcharan - feet of the guru , 10
Gurdayal - compassionate guru , 10
Gurdeep - light of the teacher , 10
Gurmeet - friend of the guru , 10
Gurnam - name of the guru , 10
Gurpreet - love of the teacher, 10
Gursharan - refuge at the guru , 10
Guru - teacher; master or priest , 10
Gurudas - servant of the guru , 10
Gurudutt - gift of the guru , 10
Gyan - knowledge , 10
Habib - beloved, 10
Hafiz - protected , 10
Hamid - friend, 10
Hamir - a raga , 10
Hans - swan, 10
Hanuman - monkey god of Ramayana , 10
Hanumant - monkey god of Ramayana, 10
Hardik - heartfelt , 10
Harekrishna - Lord Krishha, 10
Harendra - Lord Shiva , 10
Haresh - Lord Krishna, 10
Hari - sun; Vishnu , 10
Haridas - servant of Krishna , 10
Harigopal - Lord Krishna, 10
Harihar - Vishu and Shiva together , 10
Harilal - son of Hari , 10
Harinarayan - Lord Vishnu , 10
Hariom - Lord Vishnu, 10
Hariprasad - blessed by Lord Krishna , 10
Hariram - Lord Rama , 10
Harish - Vishnu , 10
Harishankar - Lord Shiva, 10
Harishchandra - King of Surya dynasty; charitable , 10
Haritbaran - green, 10
Harjeet - victorious, 10
Harkrishna - Lord Krishna, 10
Harmendra - the moon , 10
Haroon - hope, 10
Harsh - happiness , 10
Harsha - joy; delight , 10
Harshad - giver of joy, 10
Harshal - lover , 10
Harshavardhan - creator of joy , 10
Harshit - joyous , 10
Harshita - joyous, 10
Harshul - deer , 10
Harshvardhan - one who increases joy , 10
Hashmat - glory; joyful , 10
Hasit - happy, 10
Hassan - Islamic , 10
Heer - diamond, 10
Hem - gold , 10
Hemachandra - golden moon , 10
Hemadri - the Himalayas, 10
Hemamdar - golden creeper , 10
Hemang - one with shining body , 10
Hemanga - goldenbodied , 10
Hemant - one of the six seasons , 10
Hemanta - early winter, 10
Hemaraj - king of gold , 10
Hemendra - lord of gold , 10
Hemendu - golden moon, 10
Heramba - Lord Ganesh , 10
Himachal - the Himalayas, 10
Himadri - Himalaya , 10
Himaghna - the sun, 10
Himanshu - the moon, 10
Himmat - courage , 10
Himnish - Lord Shiva , 10
Hiranmay - golden , 10
Hiranya - wealth , 10
Hirendra - Lord of diamonds, 10
Hiresh - king of gems, 10
Hitendra - well-wisher , 10
Hriday - Heart, 10
Hridayesh - king of heart , 10
Hridaynath - beloved , 10
Hrishikesh - Lord Vishnu, 10
Hrishikesh - one who controls senses , 10
Hussain - Islamic thinker; saint , 10
Ibhanan - elephant faced , 10
Ibrahim - Abraham; earth, 10
Idris - fiery, 10
Iham - expected, 10
Ihit - prize; honour , 10
Ikshu - sugarcane , 10
Ilesh - lord of earth , 10
Iman - name of raga, 10
Imaran - strong , 10
Imtiaz - power of discrimination, 10
Indeever - blue lotus , 10
Indivar - blue lotus , 10
Indradutt - gift of Indra , 10
Indrajeet - conqueror, 10
Indrajit - conquerer of Indra , 10
Indrakanta - Indra , 10
Indraneel - emerald , 10
Indubhushan - the moon , 10
Induhasan - like a moon, 10
Indukanta - like a moon , 10
Indulal - moon's lustre, 10
Indushekhar - like a moon , 10
Inesh - king of kings , 10
Intekhab - chosen, 10
Iqbal - desire, 10
Irfan - knowledgable , 10
Irshaad - signal , 10
Isar - eminent; Lord Shiva, 10
Ishan - the Lord , 10
Ishrat - affection, 10
Ishwar - powerful; the supreme god , 10
Izhar - submission , 10
Jag - the universe, 10
Jagadbandu - Lord Krishna , 10
Jagadeep - light of the world , 10
Jagadhidh - lord of the world , 10
Jagadish - lord of the universe , 10
Jagajeet - conquerer of the world , 10
Jagajeevan - life of the world , 10
Jaganmay - spread over the universe, 10
Jagannath - Lord Vishnu; lord of the world , 10
Jagat - the universe, 10
Jagjeevan - worldly life, 10
Jagmohan - one who attracts the world , 10
Jahan - the world , 10
Jaichand - victory of the moon, 10
Jaidayal - victory of kindness , 10
Jaidev - god of victory , 10
Jaigopal - victory of Lord Krishna , 10
Jaikrishna - victory of Lord krishna, 10
Jaimini - an ancient philosopher , 10
Jainarayan - victory, 10
Jaipal - Lord Brahma , 10
Jairaj - lord of victory, 10
Jaisal - famous folk , 10
Jaisukh - joy of winning, 10
Jaiwant - victory , 10
Jalal - glory, 10
Jalendu - moon in the water , 10
Jalil - revered, 10
Janak - father of Nandan; creator , 10
Janamejay - a mJanardan - Lord Vishnu, 10
Janardan - one who helps people , 10
Japa - chanting , 10
Japendra - lord of chants-Lord Shiva, 10
Japesh - lord of chants-lord Shiva , 10
Jasbeer - victorious hero, 10
Jashan - celebration , 10
Jaspal - Lord Krishna, 10
Jasraj - king of fame , 10
Jasveer - hero of fame , 10
Jaswant - victorious, 10
Jatan - nurturing, 10
Jatin - pertaining to a saint , 10
Javed - immortal Jawahar, 10
Jawahar - jewel , 10
Jayadeep - light of victory , 10
Jayaditya - victorious sun , 10
Jayant - victorious , 10
Jayashekhar - crest of victory , 10
Jaysukh - pleasure of victory , 10
Jeemutbahan - full of life, 10
Jeevan - life , 10
Jehangir - Akbar's son, 10
Jhoomer - ornament , 10
Jignesh - curiosity to research, 10
Jihan - the world , 10
Jinendra - lord of life , 10
Jishnu - triumphant , 10
Jitendra - lord of conquerers , 10
Jivitesh - God, 10
Jnyandeep - light of knowledge , 10
Jnyaneshwar - god of wisdom , 10
Joginder - Lord Shiva , 10
Jogindra - Lord Shiva, 10
Jograj - Lord Krishna, 10
Jugnu - a firefly , 10
Jusal - pari, 10
Jyotichandra - splendour , 10
Jyotiprakash - splendour of the flame, 10
Jyotiranjan - joyous flamae , 10
Jyotirdhar - holder of the flame, 10
Jyotirmoy - lustrous , 10
Kabir - name of a famous saint, 10
Kailas - abode of Lord Shiva , 10
Kailash - a Himalayan peak; abode of Shiva , 10
Kailashchandra - Lord Shiva, 10
Kailashnath - Lord Shiva , 10
Kalash - sacred pot Kalidas, 10
Kalicharan - a devotee Kali, 10
Kalidas - the poet; dramatist; slave of godess Kali , 10
Kalimohan - a devotee of Goddess Kali, 10
Kalipada - a devotee of Goddess Kali , 10
Kaliranjan - a devotee of Goddess Kali , 10
Kalyan - welfare, 10
Kamadev - god of love , 10
Kamal - lotus flower , 10
Kamalakar - Lord Vishnu , 10
Kamalapati - Lord Vishnu , 10
Kamalesh - Lord Vishnu; one with Eyes like a lotus, 10
Kamalnayan - lotuseyed, 10
Kamlesh - god of lotus , 10
Kamod; Kambod; Kambodi - a raga, 10
Kamraj; Kamesh; Kameshwar - love , 10
Kamran - success, 10
Kanad - an ancient , 10
Kanak - gold , 10
Kanan - forest , 10
Kanchan - gold , 10
Kandarpa - Cupid, 10
Kanha - Krishna , 10
Kanhaiya - Lord Krishna , 10
Kantilal - lustrous, 10
Kantimoy - lustrous , 10
Kanu - Lord Krishna , 10
Kanvar - young prince, 10
Kanwal - lotus , 10
Kanwaljeet - lotus, 10
Kanwalkishore - lotus; Lord krishna , 10
Kapil - name of a sage, 10
Kapish - Lord Hanuman , 10
Karan - Karna; the firstborn of Kunti, 10
Kareem - kind , 10
Karna - the firstborn of Kunti, 10
Kartar - master , 10
Kartik - a Hindu month, 10
Kartikeya - god of war , 10
karunakar - merciful, 10
Karunamay - full of light , 10
Karunashankar - merciful, 10
Kashif - a connoisseur , 10
Kashinath - Lord Shiva, 10
Kashiprasad - blessed by Lord Shiva , 10
Kashyap - name of a sage, 10
Kathir; Kadir - ray of light , 10
Kausar - lake of paradise , 10
Kaushal - clever; skilled , 10
Kaushik - sentiment of love , 10
Kaustav - a legendary gem; a gem worn by Lord Vishnu , 10
Kaustubh - a jewel of Lord Vishnu, 10
Kavi - a poet , 10
Kavi - a wise man; poet , 10
Kaviraj - doctor, 10
Kedar - a raga, 10
Kedarnath - Lord Shiva , 10
Keshav - Lord Vishnu, 10
Ketan - home; banner , 10
Kevalkishore - absolute , 10
Kevalkumar - absolute, 10
Keyur - armlet, 10
Khadim - servant of God , 10
Khajit - Buddha, 10
Khalid - immortal , 10
Khazana - treasure, 10
Khemchand - welfare , 10
Khemprakash - welfare, 10
Khushal - perfect , 10
Kinshuk - a flower, 10
Kiran - ray of light , 10
Kiranmay - full of light, 10
Kirit - a crown , 10
Kirtikumar - famous, 10
Kishore - young , 10
Kishorekumar - young, 10
Kripal - merciful , 10
Krishanu - fire, 10
Krishna - Lord Krishna, 10
Krishnachandra - Lord Krishna , 10
Krishnadeva - Lord Krishna, 10
Krishnakanta - Lord Krishna , 10
Krishnakumar - Lord Kirshna, 10
Krishnala - Lord Krishna , 10
Krishnamurari - Lord Krishna , 10
Krishnamurthy - Lord Krishna, 10
Krishnaroop - dark , 10
Krishnendu - Lord Krishna, 10
Kshaunish - king , 10
Kuber - god of wealth, 10
Kuberchand - god of wealth , 10
Kularanjan - star of family, 10
Kulbhushan - ornament of family, 10
Kuldeep - light of family , 10
Kumar - prince , 10
Kunal - sone of emperor Ashok, 10
Kundan - pure , 10
Kundanlal - golden, 10
Kunja - grove of trees , 10
Kunjabihari - Lord Krishna, 10
Kush - son of Lord Rama , 10
Kushal - clever, 10
Kusumakar - spring , 10
Lagan - appropriate time, 10
Lakshman - prosperous; brother of Rama , 10
Lakshmibanta - fortunate , 10
Lakshmidhar - Lord Vishnu, 10
Lakshmigopal - Lord vishnu , 10
Lakshmikanta - Lord Vishnu , 10
Lalit - beautiful , 10
Lalitaditya - beautiful sun , 10
Lalitchandra - beautiful moon , 10
Lalitkishore - beautiful , 10
Lalitkumar - beautiful, 10
Lalitmohan - beautiful and attractive , 10
Lalitmohan - beautiful , 10
Lambodar - Lord Ganesh, 10
Lankesh - Ravana , 10
Latafat - elegance, 10
Latif - elegant , 10
Lav - son of Lord Rama, 10
Lochan - the eye , 10
Lohitaksha - Lord Vishnu, 10
Lokesh - Lord Brahma , 10
Loknath - lord of all worlds , 10
Lokprakash - light of the world , 10
Lokranjan - Lord Vishnu , 10
Madan - Cupid; god of love , 10
Madangopal - Lord Krishna , 10
Madhav - sweet like honey , 10
Madhavdas - servant of Lord Krishna , 10
Madhu - honey; nectar , 10
Madhuk - a honeybee , 10
Madhukanta - the moon, 10
Madhukar - honey bee; lover , 10
Madhup - a honeybee, 10
Madhur - sweet , 10
Madhusudan - Lord Krishna, 10
Madhusudhana - Krishna; one who killed demon Madhu , 10
Magan - engrossed , 10
Mahabahu - Arjuna , 10
Mahabala - great strength , 10
Mahadev - most powerful god , 10
Mahaniya - worthy of honour , 10
Mahavir - most courageous among men , 10
Maheepati - the king , 10
Mahendra - Indra , 10
Mahesh - Lord Shiva, 10
Maheshwar - Lord Shiva , 10
Mahin - the earth, 10
Mahindra - a king , 10
Mahipal - a king, 10
Mahish - a king , 10
Mahmud - the Prophet of Islam, 10
Mahtab - the moon , 10
Mainak - a mountain a Himalayan peak, 10
Maitreya - friend , 10
Makarand - Honey; Honey Bee, 10
Malay - a mountain , 10
Manas - mind, 10
Manasi - born of the mind , 10
Manav - man, 10
Manavendra - king among men , 10
Mandar - a celestial tree, 10
Mandeep - light of the mind , 10
Mandhatri - prince , 10
Manendra - king of mind , 10
Mangal - auspicious, 10
Mangesh - Lord Shiva , 10
Mani - a jewel , 10
Manibhushan - supreme gem, 10
Manik - ruby , 10
Manindra - lord of the mind; diamond, 10
Maniram - jewel of a person , 10
Manish - god of mind; intellect, 10
Manishankar - Lord Shiva, 10
Manishankar - Shiva , 10
Manjeet - conqueror of the mind , 10
Manmatha - Cupid, 10
Manmohan - pleasing , 10
Manohar - beautiful; captivating, 10
Manoj - born of the mind, 10
Manoranjan - one who pleases the mind , 10
Manoranjan - pleasing , 10
Manprasad - mentally calm and cool person , 10
Mansukh - pleasing, 10
Manu - original man , 10
Mardav - softness, 10
Mareechi - ray of light , 10
Markandeya - a devotee of Lord Shiva , 10
Markandeya - a sage , 10
Martand - sun , 10
Martanda - the sun, 10
Marut - the wind , 10
Maruti - Lord Hanuman, 10
Matsendra - king of the fishes , 10
Mayank - moon , 10
Mayanka - the moon , 10
Mayur - peacock , 10
Megh - cloud , 10
Megha - a star, 10
Meghashyam - Lord Krishna, 10
Meghdutt - gift of clouds , 10
Meghnad - thunder , 10
Mehboob - beloved , 10
Mehdi - a flower, 10
Mehmood - the Prophet of Islam , 10
Mehul - rain , 10
Mihir - sun , 10
Mihir - the sun, 10
Milan - union , 10
Milap - union, 10
Milind - honey bee , 10
Milun - union, 10
Mirza - a prince , 10
Misal - example, 10
Mitesh - one with few desires , 10
Mithil - kingdom , 10
Mithilesh - the king of Mithila; Janak; father of Nandan , 10
Mithun - Gemini, 10
Mitul - friend, 10
Mohajit - attractive , 10
Mohak - attractive, 10
Mohal - attractive , 10
Mohamad - the Prophet, 10
Mohan - charming; fascinating , 10
Mohin - attractive , 10
Mohit - ensnarled by beauty , 10
Mohita - attracted , 10
Mohnish - Lord Krishna, 10
Mohul - attractive , 10
Monish - lord of mind , 10
Moti - pearl, 10
Motilal - pearl , 10
Moulik - valuable, 10
Mriganka - the moon , 10
Mrigankamouli - Lord Shiva, 10
Mrigankasekhar - Lord Shiva , 10
Mrigendra - lion, 10
Mrigesh - lion , 10
Mrityunjay - Lord Shiva, 10
Mubarak - congratulations , 10
Mudita - happy, 10
Shashishekhar - Lord Shiva, 10
Shashwat - ever lasting; continuous , 10
Shatrughan - victorious, 10
Shatrughna - victorious, 10
Shatrujit - victorious , 10
Shatrunjay - overcomer of enemies , 10
Shattesh - king of mountains , 10
Shaukat - grand, 10
Shaunak - a great sage , 10
Sheetal - cool, 10
Sheil - mountain , 10
Shekhar - Lord Shiva , 10
Shesh - cosmic serpent, 10
Shevantilal - a crysanthemum, 10
Shikha - flame , 10
Shikhar - peak, 10
Shirish - a flower , 10
Shiromani - superb jewel, 10
Shirshirchandra - winter moon , 10
Shishir - winter , 10
Shishirkumar - the moon, 10
Shishupal - sone of Subhadra , 10
Shiv - Lord Shiva; auspicious; lucky , 10
Shivendra - Lord Shiva , 10
Shivendu - pure moon, 10
Shivesh - Lord Shiva , 10
Shivlal - Lord Shiva, 10
Shivraj - Lord Shiva , 10
Shivshankar - Lord Shiva, 10
Shobhan - splendid , 10
Shoorsen - brave, 10
Shravan - a Hindu month , 10
Shravankumar - a character from the epic Ramayana, 10
Shrenik - organised , 10
Shreshta - the best, 10
Shreyas - superior , 10
Shridhar - Lord Vishnu, 10
Shrigopal - Lord Krishna , 10
Shrihari - Lord Krishna, 10
Shrikanta - beautiful , 10
Shrikrishna - Lord Krishna, 10
Shrikumar - beautiful , 10
Shrinath - Lord Vishnu, 10
Shrinivas - Lord Vishnu , 10
Shripad - Lord Vishnu, 10
Shripal - Lord Vishnu , 10
Shripati - Lord Vishnu, 10
Shriram - Lord Rama , 10
Shriranga - Lord Vishnu, 10
Shrish - Lord Vishnu , 10
Shrivatsa - Lord Vishnu, 10
Shriyans - wealth , 10
Shubha - auspicious, 10
Shubhang - handsome , 10
Shubhankar - auspivious, 10
Shubhashis - blessing , 10
Shubhendu - luckly moon, 10
Shubhranshu - the moon , 10
Shuddhashil - well-born, 10
Shulabh - easy , 10
Shvetang - fair complexioned , 10
Shvetank - having a white mark , 10
Shyam - dark blue; black , 10
Shyamal - black; dark blue , 10
Shyamsundar - Lord Krishna, 10
Siddhanta - principle , 10
Siddharth - white mustard , 10
Siddhartha - a name of Lord Buddha, 10
Siddheshwar - a goddess , 10
Siraj - lamp, 10
Sitakanta - Lord Rama , 10
Sitanshu - the moon, 10
Sitikantha - Lord Shiva , 10
Sivanta - Lord Shiva, 10
Smarajit - one who has conquered lust, 10
Smaran - remembrance , 10
Smritiman - unforgettable , 10
Snehal - freindly , 10
Snehanshn - affectionate, 10
Snehin - a friend , 10
Sohail - moon-glow, 10
Soham - the presence of divinity of each soul , 10
Sohan - charm, 10
Sohil - beautiful , 10
Som - the moon, 10
Somansh - half moon, 10
Somendra - moon , 10
Someshwar - Lord Shiva , 10
Somnath - Lord Shiva, 10
Sopan - steps , 10
Soumil - a friend, 10
Soumyakanti - handsome , 10
Sourabh - fragrance, 10
Sourish - Lord Vishnu, 10
Srijan - creation , 10
Srikant - lover of wealth , 10
Srinivas - abode of wealth , 10
Sriram - Lord Rama , 10
Sual - asked for, 10
Subal - a friend of Lord Krishna , 10
Subash - fragrance, 10
Subbarao - auspicious , 10
Subhadra - mother of Lord Krishna; wife of Arjuna, 10
Subhan - aware , 10
Subhash - soft spoken , 10
Subhash - well-spoken, 10
Subinay - humble , 10
Subodh - sound advice; easily understood , 10
Subrata - devoted to what is right, 10
Suchir - eternal , 10
Sudama - friend , 10
Sudama - meek , 10
Sudarshan - handsome, 10
Sudeep - bright , 10
Sudesh - country, 10
Sudesha - good country , 10
Sudeva - good Deva , 10
Sudhakar - the moon , 10
Sudhamay - full of nectar, 10
Sudhanshu - the moon , 10
Sudhanssu - moon , 10
Sudhi - scholar, 10
Sudhindra - knowledge , 10
Sudhir - great scholar; calm, 10
Sudhish - excellent intellect , 10
Sugata - a name of the Buddha , 10
Sugreev - man with a beautiful neck, 10
Sugriva - one with graceful neck , 10
Suhail - moon-glow , 10
Suhas - smiling beautifully, 10
Suhrid - well-disposed , 10
Suhrit - well-disposed, 10
Sujan - honest , 10
Sujash - illustrious , 10
Sujay - victory, 10
Sujit - victory , 10
Sujit - winner, 10
Sukant - handsome, 10
Sukanta - handsome , 10
Sukesh - beautiful, 10
Suketu - a Yaksha king , 10
Sukhamay - pleasurable, 10
Sukhdev - god of happiness , 10
Sukrit - good deed, 10
Sukumar - handsome , 10
Sulalit - graceful , 10
Sulekh - beautifully written, 10
Sulochan - one with beautiful eyes , 10
Sultan - king, 10
Suman - flower , 10
Sumant - wise, 10
Sumanta - wise , 10
Sumantra - friend of King Dasarath Sumedh - clever , 10
Sumeet - a good friend, 10
Sumit - a good friend, 10
Sumitra - good friend , 10
Sunanda - very pleasing, 10
Sunasi - Lord Indra , 10
Sundar - beautiful , 10
Sundar - handsome; of good principles; prudent , 10
Sunil - dark blue , 10
Sunirmal - pure , 10
Suparna - leafy, 10
Suprakash - manifested , 10
Supratik - cupid, 10
Supratim - beautiful image , 10
Supriya - beloved, 10
Sur - a musical note , 10
Suraj - the sun, 10
Surajit - god , 10
Suranjan - pleasing, 10
Surdeep - lamp of music , 10
Suren - Lord Indra , 10
Suresh - Lord Indra, 10
Suresh - sun , 10
Surya - the sun, 10
Suryabhan - the sun , 10
Suryakant - loved by the sun , 10
Suryakanta - a jewel, 10
Suryashankar - Lord Shiva , 10
Sushanta - quiet, 10
Sushil - well behaved , 10
Sushobhan - very beautiful, 10
Sushrut - well heard , 10
Sushruta - son of sage Viswamitra, 10
Sutej - lustre , 10
Suvan - the sun, 10
Suvimal - pure , 10
Suvrata - strict in religious vows - Subrata , 10
Suyash - illustrious, 10
Swagat - welcome , 10
Swami - master , 10
Swaminath - the Lord Almighty, 10
Swapan - dream , 10
Swapnil - seen in a dream; dreamy , 10
Swaraj - liberty; freedom , 10
Swarup - truth , 10
Swayambhu - Lord Shiva, 10
Swetaketu - an ancient sage , 10
Syamantak - a jewel of Lord Vishnu , 10
Tahir - holy, 10
Taizeen - encouragement , 10
Taj - crown, 10
Tajdar - corwned , 10
Talat - prayer, 10
Talib - divine , 10
Talleen - absorbed, 10
Tamal - a tree with very dark bark , 10
Tamkinat - pomp, 10
Tamonash - destroyer of ignorance , 10
Tanay - son, 10
Tanmay - engrossed , 10
Tanuj - son, 10
Tanveer - englightened , 10
Tapan - sun; summer , 10
Tapas - heat; penance , 10
Tapasendra - Lord Shiva, 10
Tapasranjan - Lord Vishnu , 10
Tapomay - full of moral virtue, 10
Tarachand - star, 10
Tarak - protector , 10
Tarakeshwar - Lord Shiva , 10
Taraknath - Lord Shiva, 10
Taral - honeybee , 10
Taran - raft; heaven , 10
Tarang - wave , 10
Taranga - wave, 10
Taraprashad - star , 10
Tarik - one who crosses the river of life, 10
Tariq - morning star , 10
Tarit - lightning Tarun - young , 10
Tarun - young; youth , 10
Taruntapan - morning sun, 10
Tathagata - the Buddha , 10
Tausiq - reinforcement, 10
Teerth - holy place; sacred water , 10
Teerthankar - a Jain saint , 10
Tej - light; lustrous , 10
Tejas - lustre; brilliance, 10
Tejeshwar - the sun , 10
Tejomay - glorious, 10
Thakur - leader, 10
Tilak - auspicious, 10
Timin - large fish , 10
Timir - darkness , 10
Timirbaran - dark, 10
Tirtha - holy place , 10
Titir - a bird, 10
Toshan - satisfaction , 10
Trailokva - the three worlds, 10
Trambak - Lord Shiva , 10
Tribhuvan - the tree worlds, 10
Tridib - heaven , 10
Trigun - the three dimensions, 10
Trilochan - one with three eyes; Shiva , 10
Trilok - the three worlds; heaven; earth; hell , 10
Trilokesh - Lord Shiva , 10
Tripurari - Lord Shiva, 10
Trishanku - a king of the Surya dynasty , 10
Trivikram - Lod Vishnu, 10
Tufan - storm , 10
Tuhin - snow, 10
Tuhinsurra - snow white , 10
Tukaram - a poet saint, 10
Tulasidas - servant of Tulasi; basil plant , 10
Tulsidas - a famous saint , 10
Tungar - high; lofty , 10
Tungesh - moon , 10
Tushar - snow, 10
Tusharkanti - Lord Shiva , 10
Tusharsuvra - wsnow white, 10
Tyagraja - a famous poet , 10
Udar - generous, 10
Uday - appearance , 10
Udayachal - eastern horizon , 10
Udayan - rising, 10
Uddhar - liberation, 10
Uddhav - Lord Krishna's friend , 10
Udeep - flood , 10
Udit - shining , 10
Udyam - effort , 10
Udyan - garden, 10
Ujagar - bright , 10
Ujala - bright, 10
Ujesh - one who gives light , 10
Ujwal - bright, 10
Ulhas - joy; delight , 10
Umakant - Lord Shiva , 10
Umanand - Lord Shiva, 10
Umanant - Lord Shiva, 10
Umang - enthusiasm , 10
Umaprasad - blessing of Goddess Parvati , 10
Umashankar - Lord Shiva, 10
Umed - hope , 10
Umesh - Lord Shiva, 10
Umrao - noble , 10
Unmesh - flash; blowing, 10
Unnat - energized , 10
Upagupta - name of a Buddish monk, 10
Upamanyu - name of a devoted pupil , 10
Upendra - an element , 10
Urjita - energized , 10
Ushakanta - the sun, 10
Utanka - a disciple of th sage Veda , 10
Utkarsh - prosperity; awakening , 10
Utkarsha - advancement, 10
Utpal - water lily; fleshless , 10
Utsav - celebration , 10
Uttam - best , 10
Uttar - son of king Virata , 10
Uttiya - a name in Buddhist literature, 10
Vachan - speech, 10
Vachaspati - lord of speech , 10
Vaibhav - richness , 10
Vaijnath - Lord shiva, 10
Vajra - Lord Krishna's greatgrandson; diamond , 10
Vajradhar - Lord Indra, 10
Vajramani - diamond , 10
Vajrapani - Lord Indra , 10
Vallabh - beloved; dear , 10
Valmik - the author of the epic Ramayana , 10
Valmiki - the author of the epic Ramayana, 10
Vaman - fifth incarnation of Lord Vishnu, 10
Vamsi - Name of a 'Raaga' , 10
Vanajit - lord of the forest , 10
Vandan - salutation , 10
Vaninath - Husband of Saraswati , 10
Vardhaman - Lord Mahavir, 10
Varij - lotus , 10
Varindra - lord of the ocean, 10
Varun - lord of the sea , 10
Vasant - spring, 10
Vasava - Indra , 10
Vasistha - name of a sage , 10
Vasu - wealth , 10
Vasudev - father of Lord Krishna, 10
Vasudev - Krishna's father; god of wealth , 10
Vasuman - born of fire , 10
Vatsal - affectionate , 10
Ved - sacred knowledge , 10
Vedanga - meaning of Vedas, 10
Vedavrata - vow of the Vedas, 10
Vedmohan - Lord Krishna , 10
Vedprakash - light of the Vedas , 10
Veer - brave , 10
Veera - the brave, 10
Veni - Lord Krishna , 10
Venimadhav - Lord Krishna, 10
Vibhas - decoration; light , 10
Vibhat - dawn, 10
Vibhishan - a character from the epic Ramayana , 10
Vibhu - all-pervading, 10
Vidur - a friend of Lord Krishna , 10
Vidur - wise , 10
Vidyacharan - learned , 10
Vidyadhar - learned, 10
Vidyaranya - forest of knowledge , 10
Vidyasagar - ocean of learning , 10
Vidyut - lightning, 10
Vighnesh; Vignesh - Lord Ganesh , 10
Vihanga - bird, 10
Vijanyendra - victorious, 10
Vijay - victor , 10
Vijay - victory , 10
Vijendra - victorious, 10
Vikas - development; expanding , 10
Vikesh - the moon, 10
Vikram - the sun of valour , 10
Vikramaditya - a famous king, 10
Vikramajit - a famous king , 10
Vikramendra - king of prowess , 10
Vikrant - powerful , 10
Vikranta - brave, 10
Vilas - play , 10
Vilok - to see, 10
Vilokan - gaze , 10
Vimal - pure , 10
Vinay - modesty , 10
Vinayak - Lord Ganesh, 10
Vineet - unassuming , 10
Vinesh - godly, 10
Vinod - happy; full of joy , 10
Vinod - pleasing , 10
Vipan - sail; petty trade , 10
Vipin - forest, 10
Viplab - floating; revolution , 10
Viplav - drifting about; revolution , 10
Vipra - a priest, 10
Vipul - plenty , 10
Vir - brave, 10
Viraj - resplendent; splendour , 10
Viral - priceless , 10
Virendra - brave lord, 10
Viresh - brave lord , 10
Virochan - moon; fire , 10
Vishal - immense, 10
Vishesh - special, 10
Vishnu - Lord Vishnu , 10
Vishram - rest, 10
Vishva - earth; universe , 10
Vishvajit - one who conquers the universe , 10
Vishvakarma - architect of the universe , 10
Vishvatma - universal soul , 10
Vishwambhar - the lord , 10
Vishwamitra - friend of the universe , 10
Vishwanath - the lord, 10
Vishwas - faith; trust , 10
Vishwesh - the lord Almighty , 10
Vismay - surprise, 10
Viswanath - god of universe , 10
Viswas - trust , 10
Vithala - Lord Vishnu, 10
Vitthal - Lord Vishnu, 10
Vivek - judgement , 10
Vivekananda - joy of discrimination , 10
Vrajakishore - Lord Krishna, 10
Vrajamohan - Lord Kirshna, 10
Vrajanadan - Lord Krishna , 10
Vrajesh - Lord Krishna , 10
Vrishin - peacock, 10
Vyasa - the author of Mahabharata , 10
Vyomesh - lord of the sky , 10
Wahab - large hearted, 10
Wajidali - obessed, 10
Wali - protector , 10
Waman - short , 10
Yaaseen - One of the Prophet Muhammad's names , 10
Yadav - Lord Krishna , 10
Yadavendra - Lord Krishna , 10
Yadunandan - Lord Krishna , 10
Yadunath - Lord Krishna , 10
Yaduraj - Lord Krishna , 10
Yaduvir - Lord Krishna , 10
Yagna - Ceremonial rites to God , 10
Yahyaa - a Prophet's name , 10
Yaj - a sage , 10
Yajat - Lord Shiva , 10
Yajnadhar - Lord Vishnu , 10
Yajnarup - Lord Krishna , 10
Yajnesh - Lord Vishnu , 10
Yamahil - Lord Vishnu , 10
Yamajit - Lord Shiva , 10
Yaman - Lord Yama; god of death; Yamraj , 10
Yamir - Moon , 10
Yasaar - Ease; Wealth , 10
Yash - victory; glory , 10
Yash - victory; glory , 10
Yashas - Fame , 10
Yashodev - Lord of fame , 10
Yashodhan - rich in fame, 10
Yashodhara - one who has achieved fame , 10
Yashpal - protector of fame , 10
Yashwant - one who has achieved glory , 10
Yasir - Wealthy , 10
Yatin - ascetic , 10
Yatindra - Lord Indra , 10
Yatish - Lord of devotees , 10
Yayin - Lord Shiva , 10
Yazeed - To increase; Grow; Enhance , 10
Yogendra - god of Yoga , 10
Yogesh - god of Yoga; Lord Shiva , 10
Yogi - Devotee , 10
Yoonus - a Prophet's name , 10
Yoosuf - a Prophet's name , 10
Yudhajit - victor in war , 10
Yudhisthir - firm in battle , 10
Yudishtra - firm in battle , 10
Yugandhar - celestial god , 10
Yuvaraj - prince; heir apparent , 10
Yuvraj - a prince , 10
Yuyutsu - eager to fight, 10
Aamod - Pleasant.Accept,9.09090909090909
Mitra - friend; the sun ,11.0
